Age,Height_cm,Weight_kg
56,142,71
19,150,86
76,136,63
65,145,51
25,152,29
79,187,83
79,179,98
28,112,88
7,188,87
26,153,47
57,156,72
6,103,70
34,174,72
42,195,23
6,148,98
68,106,36
64,110,86
25,191,93
37,153,66
62,186,75
26,144,42
53,122,37
63,127,20
46,156,54
64,125,83
19,124,77
66,153,114
66,128,78
51,182,20
66,196,22
55,135,86
59,113,56
68,177,102
7,134,48
55,129,108
11,191,52
25,116,119
77,166,80
43,179,112
22,129,109
8,192,23
64,144,33
18,178,110
13,188,52
57,150,41
6,146,67
64,152,22
75,163,106
48,137,104
12,163,42
51,186,87
39,188,40
40,106,62
54,121,114
8,180,104
6,181,45
10,140,60
58,173,118
8,109,57
58,156,107
67,106,30
22,149,48
48,190,79
38,151,86
78,132,84
66,100,80
18,152,38
52,159,65
19,133,68
76,103,41
66,116,97
44,103,76
57,142,33
28,189,63
30,103,35
64,100,116
45,170,96
33,193,31
19,149,74
49,172,70
69,160,58
75,134,52
13,107,52
5,123,48
12,182,88
67,135,89
15,149,50
12,142,99
39,126,50
39,131,108
37,177,65
9,117,116
45,127,96
32,128,71
11,115,29
77,198,107
76,146,93
16,158,60
38,130,114
37,103,96
52,136,22
27,116,78
66,138,71
41,147,53
48,145,68
39,189,47
69,147,102
51,138,106
7,103,115
5,129,32
9,129,116
18,121,117
31,174,116
13,165,88
19,111,86
46,193,80
55,135,79
67,117,90
56,189,43
8,152,82
27,170,105
19,100,80
47,157,42
33,189,49
40,186,79
17,189,37
36,105,115
75,169,75
63,143,72
32,171,26
70,123,116
46,185,88
49,118,111
66,117,91
61,194,98
10,129,71
32,141,23
32,132,53
48,173,88
34,111,52
66,193,88
79,126,57
66,138,117
5,108,45
31,120,20
66,175,23
7,128,58
74,132,73
76,161,109
31,114,52
13,101,52
66,151,91
41,143,39
55,153,35
48,117,40
28,102,64
63,106,109
36,142,106
56,181,101
66,137,81
62,136,50
56,157,61
16,132,31
43,158,84
6,194,92
7,110,22
60,167,109
63,181,28
6,167,70
6,197,35
58,192,107
5,187,97
23,121,22
6,165,117
57,143,116
48,105,43
36,141,92
74,124,32
36,156,21
72,184,90
59,154,40
79,115,38
60,194,108
21,113,66
42,138,41
28,127,94
73,195,52
74,191,51
15,150,83
20,148,104
77,108,58
63,157,103
74,144,91
7,121,61
24,131,28
63,168,44
40,186,108
23,168,116
71,141,21
23,152,38
24,195,39
75,158,112
56,173,89
37,138,36
44,114,108
43,170,87
5,128,113
15,102,103
61,182,22
54,109,106
27,191,70
35,128,101
46,178,45
11,134,75
20,105,119
64,111,83
6,137,27
5,176,100
52,192,114
16,118,56
73,166,116
41,107,46
36,107,64
13,183,23
23,146,105
52,103,109
7,150,115
24,184,107
28,166,118
58,144,56
37,107,115
28,186,90
79,115,52
76,176,50
40,166,74
42,108,31
29,159,30
22,177,107
70,176,91
58,170,51
39,114,76
65,170,57
45,197,79
37,140,105
72,121,117
37,123,38
18,143,103
25,100,75
52,109,33
24,179,52
12,171,29
11,155,99
71,188,83
21,149,83
37,111,81
52,188,87
63,180,110
26,159,111
34,125,62
42,177,99
55,140,78
58,135,71
12,122,116
31,142,38
31,105,40
25,168,41
34,142,28
32,124,28
68,117,92
73,161,46
65,112,36
52,142,63
23,177,64
8,127,27
39,117,99
68,158,37
53,159,52
21,162,20
48,156,95
34,191,25
50,150,60
10,155,74
41,126,24
28,131,78
50,108,99
57,195,37
64,183,68
67,191,101
36,196,84
37,167,102
71,145,73
22,197,80
29,166,27
58,125,22
62,107,44
71,105,88
50,179,74
28,123,59
36,147,102
51,193,101
27,144,69
70,112,114
31,168,52
6,124,37
21,119,76
37,181,35
13,181,99
47,165,57
52,173,60
43,144,26
46,146,97
30,162,72
54,175,82
29,176,108
28,154,51
17,174,57
64,118,41
11,134,35
61,152,71
40,125,48
49,113,35
24,144,95
69,143,36
12,187,83
20,164,110
18,150,108
19,142,32
70,185,91
36,122,75
67,155,24
55,118,31
29,181,60
62,175,22
67,154,118
66,191,52
26,191,105
62,159,69
62,158,75
53,132,28
56,118,101
46,127,69
74,151,48
19,148,58
58,136,110
64,125,119
12,198,64
57,197,36
64,198,75
9,139,117
72,179,65
10,137,86
51,176,88
59,186,33
44,153,86
56,121,42
20,115,113
17,127,80
34,134,42
23,159,46
21,144,73
67,145,29
23,171,108
62,154,96
59,185,35
66,184,60
27,125,117
13,184,74
16,124,80
5,164,105
62,105,100
5,122,106
38,163,119
52,186,68
5,142,92
20,122,71
65,195,21
68,129,115
67,176,69
73,117,105
26,186,62
71,178,96
30,196,27
20,120,78
55,156,84
61,122,100
33,190,31
73,144,23
51,143,96
66,181,114
73,187,60
20,146,26
52,139,106
43,150,107
37,141,88
27,106,88
14,149,100
73,147,49
38,183,92
56,190,25
14,105,108
23,190,38
62,108,99
5,156,104
73,130,85
8,120,29
20,189,35
28,139,56
6,144,98
36,176,96
28,148,96
16,186,51
54,119,66
39,191,91
37,116,62
37,127,101
65,140,55
55,165,45
47,124,29
16,157,50
71,140,116
69,105,48
37,174,24
44,137,96
78,105,20
47,144,106
48,174,22
33,113,86
17,165,90
16,139,119
50,102,54
6,198,34
39,196,86
12,123,112
30,118,49
78,117,101
38,163,94
11,187,62
72,134,79
62,161,59
79,100,84
33,199,48
40,124,93
25,144,111
40,148,114
14,197,38
77,188,22
28,115,55
68,197,62
53,192,34
40,118,116
28,122,60
27,182,109
66,124,99
41,115,55
16,153,116
59,172,103
17,100,96
27,141,52
34,118,24
21,196,97
66,133,110
17,179,106
63,154,33
23,117,87
53,133,102
16,188,66
65,144,73
23,105,23
13,120,113
75,169,102
32,195,114
56,147,114
20,138,28
73,130,72
16,109,96
29,129,97
56,117,79
57,159,65
27,187,73
20,172,93
61,194,114
43,114,56
57,103,42
46,162,46
62,139,89
43,108,109
18,108,85
9,125,80
39,103,96
79,180,70
22,115,69
13,114,38
78,198,20
62,151,59
21,168,51
11,104,41
50,119,112
17,178,85
44,117,59
46,101,57
13,192,67
54,112,74
31,103,94
70,141,100
9,173,74
33,160,70
41,194,79
42,107,27
12,166,105
69,162,87
21,108,94
75,193,91
49,110,28
8,198,109
40,141,21
74,112,99
35,135,114
23,112,89
65,111,104
58,136,109
43,173,78
78,172,38
23,151,47
43,170,91
71,101,33
49,155,43
17,159,63
62,122,75
24,139,109
76,163,114
65,184,70
43,122,51
5,128,69
7,177,60
66,189,85
67,150,44
29,168,80
60,194,85
37,188,61
42,130,84
10,149,55
62,119,95
48,154,28
49,180,55
36,101,111
49,124,57
65,112,52
51,191,61
25,169,80
79,166,65
40,157,105
23,198,108
24,181,80
61,174,37
22,183,89
51,163,101
53,168,99
18,182,34
19,185,67
35,158,91
5,159,32
58,182,62
7,161,79
20,115,76
61,187,90
79,167,36
16,114,69
78,188,51
20,154,41
76,134,74
28,154,76
32,113,32
12,148,66
40,182,106
12,199,81
62,106,73
64,129,48
54,182,41
32,148,84
45,188,48
68,115,67
31,150,24
67,171,54
21,181,93
77,191,102
37,179,90
33,182,65
17,141,54
50,116,64
39,162,32
10,144,29
73,176,85
51,106,89
29,126,91
70,109,119
14,133,44
60,135,63
34,124,79
9,105,66
37,123,59
69,117,26
22,186,65
53,105,42
15,128,102
30,124,65
67,154,105
63,180,32
31,145,40
53,123,20
37,174,38
5,125,79
25,197,52
59,127,23
10,102,22
73,174,110
9,137,71
7,160,118
57,177,47
27,150,89
57,189,89
41,147,74
78,120,76
78,153,106
21,155,116
77,193,35
5,158,43
55,171,88
49,150,60
8,119,96
66,195,66
69,185,95
36,158,88
38,170,50
76,108,111
43,100,111
30,128,49
38,162,37
58,171,63
7,155,46
54,167,118
16,134,45
69,102,79
58,106,37
9,126,116
61,100,108
21,190,75
51,179,50
27,170,78
18,143,21
70,186,116
79,140,58
55,174,80
42,141,82
68,132,115
42,149,37
54,162,36
34,199,117
55,136,58
67,158,90
56,180,73
42,198,118
34,147,113
55,104,95
9,147,54
33,195,30
8,102,80
14,146,63
60,161,87
21,198,44
78,113,67
21,162,51
73,160,103
38,130,114
10,194,23
57,116,57
70,123,82
47,122,66
79,181,20
27,149,22
59,177,105
79,178,81
20,178,83
12,169,36
8,126,97
8,114,81
60,149,54
29,135,32
71,107,54
71,178,62
31,102,21
36,161,75
54,146,96
65,176,70
55,197,73
23,187,35
25,195,37
9,160,26
46,131,64
65,193,55
26,112,60
25,100,113
74,133,61
5,161,26
9,178,34
16,177,79
50,192,59
38,197,102
53,181,56
49,170,85
31,192,74
77,130,96
30,163,114
51,124,99
60,137,75
67,113,63
52,107,76
65,190,25
30,153,111
40,101,51
5,180,93
12,177,37
56,188,87
51,155,92
60,193,26
18,192,27
32,183,83
6,184,26
30,160,60
18,121,59
63,134,22
60,115,36
11,149,85
7,142,98
27,116,112
22,179,71
42,157,41
19,101,23
68,103,25
32,184,57
78,138,45
43,197,30
61,193,109
21,105,36
48,180,107
29,188,111
21,168,118
17,168,50
29,119,96
72,163,54
14,115,35
71,150,98
22,136,37
38,172,81
12,168,46
44,141,54
46,156,64
45,165,54
10,108,47
56,199,28
30,185,95
68,163,34
63,185,40
60,121,71
63,133,54
74,154,116
37,128,70
57,137,102
26,196,74
25,117,106
74,170,96
74,164,63
8,196,84
79,100,112
66,187,107
66,103,99
28,103,44
59,181,106
13,126,111
7,142,66
35,158,99
44,131,75
40,132,57
28,127,30
10,154,86
70,199,34
79,159,20
8,169,26
10,161,20
55,179,68
66,133,115
61,186,92
70,187,48
79,155,45
12,112,106
30,155,64
55,117,112
49,153,116
48,176,90
9,142,31
74,138,114
30,160,51
72,141,39
23,180,70
24,178,100
16,117,55
51,122,86
5,153,20
18,129,46
68,197,59
42,157,116
41,167,103
15,166,33
7,170,119
37,117,88
10,106,106
54,139,98
14,169,25
9,185,52
27,164,74
14,167,38
48,148,96
6,151,48
17,128,80
44,120,89
6,189,98
69,177,99
67,108,43
77,146,42
21,175,29
13,141,73
79,150,60
19,155,68
28,150,36
42,169,75
39,119,64
53,187,49
73,126,63
66,137,93
64,171,74
54,164,38
79,153,48
13,123,21
38,146,55
39,170,38
5,182,26
44,185,45
68,162,98
26,156,57
64,154,22
68,159,99
76,198,85
15,161,114
18,129,111
64,192,90
34,121,113
39,174,62
41,183,81
9,128,90
30,140,119
66,141,112
8,197,43
46,164,58
22,130,87
44,129,112
76,117,63
43,116,24
18,137,74
36,113,112
55,186,49
42,188,48
27,178,45
67,155,102
19,121,45
29,166,56
21,155,110
70,118,113
57,156,72
55,143,49
43,197,22
55,134,62
74,100,26
10,151,68
71,184,92
11,192,60
55,169,96
76,136,98
46,164,73
68,150,88
19,100,112
33,190,118
37,120,110
31,152,46
40,115,27
33,160,51
42,153,103
61,139,83
31,125,29
59,179,32
37,191,82
72,164,112
70,199,54
14,173,80
9,163,73
78,142,27
42,116,48
17,158,114
35,122,60
51,106,49
56,143,105
60,152,40
19,170,95
33,178,30
12,133,21
9,145,69
33,167,60
51,177,85
72,177,117
49,115,22
6,170,99
31,195,70
40,118,87
40,101,106
30,109,103
47,149,44
31,180,49
73,111,101
24,169,30
15,121,112
78,131,36
42,183,45
10,100,42
76,153,75
27,157,71
51,169,67
50,182,39
16,117,21
17,105,107
66,144,50
64,196,46
47,122,21
72,122,97
9,125,23
41,176,32
76,106,119
35,178,54
13,143,91
55,126,85
33,125,25
44,196,50
45,178,29
15,135,40
27,154,93
5,163,42
50,190,22
25,156,51
40,168,39
58,160,93
61,101,48
5,154,71
67,196,65
58,179,53
59,186,103
44,137,80
19,179,91
25,177,90
51,128,89
77,125,30
57,134,101
13,178,112
78,166,108
56,186,82
61,128,40
30,133,22
45,196,101
39,140,107
67,140,29
29,122,46
79,170,31
42,102,26
6,157,36
11,131,84
38,130,83
21,181,45
47,142,34
63,106,52
55,100,81
58,160,66
28,113,114
29,151,54
75,195,84
56,105,91
74,109,95
37,170,102
53,189,44
33,197,76
67,129,51
26,199,82
30,120,31
32,159,82
53,180,96
75,196,111
53,173,20
24,162,70
67,141,89
65,150,27
53,163,87
75,175,24
5,155,108
17,179,105
55,140,111
60,131,58
66,114,42
36,161,87
34,126,71
33,127,23
53,180,66
49,163,40
34,158,75
20,157,85
44,101,78
23,135,26
22,170,68
5,112,35
51,114,36
70,188,103
42,186,106
55,159,117
67,121,94
8,162,53
5,189,52
12,196,45
33,174,85
59,173,82
7,124,106
36,147,60
14,142,105
78,137,77
38,140,117
59,144,98
36,187,29
54,139,34
11,196,61
12,116,112
69,187,76
61,156,106
71,101,36
63,195,79
76,161,28
58,187,55
71,108,92
55,167,99
12,180,55
38,116,67
39,149,70
36,193,116
50,139,114
20,157,89
72,174,93
41,184,99
58,120,87
18,117,41
59,154,96
52,128,99
11,123,112
78,173,25
11,116,45
37,117,94
27,141,107
23,183,112
23,144,22
40,181,71
33,116,93
64,172,79
6,113,82
5,148,84
51,128,71
73,194,109
24,103,95
15,181,33
6,119,108
71,146,91
16,108,87
24,176,47
9,178,90
41,126,29
42,114,76
13,191,119
57,118,85
48,189,109
28,151,69
78,125,33
34,188,35
63,125,73
18,125,62
13,145,61
44,191,100
70,148,41
29,181,87
77,195,38
26,152,85
8,102,58
30,165,92
62,196,38
33,141,35
41,118,73
79,116,44
74,132,37
22,175,42
46,148,104
45,155,30
42,162,58
38,102,87
21,148,44
41,154,82
29,125,115
31,198,49
61,171,64
35,151,109
10,199,80
44,106,119
16,145,70
57,145,117
75,199,28
14,115,95
49,123,21
21,160,24
30,153,81
66,161,88
50,100,71
68,148,105
6,124,24
58,109,78
69,179,87
55,115,28
57,157,112
40,171,41
30,128,46
33,191,29
25,105,99
15,115,80
44,119,70
15,179,29
40,170,25
63,177,81
43,142,24
58,125,89
59,189,82
28,177,75
26,170,78
73,132,82
60,125,108
37,144,78
40,183,70
24,162,69
66,166,23
77,151,67
30,167,51
70,125,70
77,174,71
77,101,118
44,113,93
21,129,53
5,148,55
65,111,89
47,189,62
46,143,35
29,132,78
43,112,72
39,177,38
7,187,117
48,197,108
55,125,114
16,120,60
23,127,100
48,147,66
63,199,113
53,139,73
65,165,74
21,172,114
78,186,38
61,178,81
59,176,118
51,122,112
16,180,78
66,147,84
12,101,87
25,183,47
74,119,37
76,158,45
29,145,38
16,102,74
19,154,76
63,111,25
30,139,20
30,165,27
51,199,116
36,177,70
14,115,104
20,182,107
75,133,44
21,143,66
27,105,74
30,176,83
11,163,102
18,199,112
11,121,29
13,117,75
52,111,31
76,151,52
63,193,90
43,150,36
22,170,80
63,195,29
21,147,50
18,118,79
35,105,89
28,183,36
64,126,69
49,152,56
7,147,101
41,106,81
47,158,109
44,168,99
59,110,91
43,114,107
19,163,96
8,102,48
29,168,51
17,122,107
37,152,99
20,136,30
46,108,115
70,114,25
59,102,54
46,192,52
38,169,37
34,116,56
17,125,32
17,120,93
22,171,109
36,120,100
43,110,83
50,137,20
33,171,82
66,187,108
66,134,53
61,113,29
20,113,103
60,109,26
14,111,75
34,137,99
29,133,56
9,140,48
69,109,31
53,116,36
7,116,67
49,166,103
18,161,45
34,194,102
72,100,31
22,111,40
66,103,61
41,141,80
29,112,77
52,197,73
69,184,53
57,185,26
77,103,54
19,181,34
53,168,84
72,118,109
16,101,118
63,111,44
41,180,78
65,173,98
47,197,105
74,105,25
43,107,71
60,150,98
67,110,107
50,162,40
15,156,90
66,111,112
29,172,115
75,101,51
56,107,72
8,110,78
63,152,88
76,199,81
24,109,23
67,184,105
58,183,37
78,107,118
61,135,100
45,192,75
7,175,43
10,113,85
9,153,32
9,184,81
58,185,73
51,120,34
53,149,88
13,193,22
24,138,56
65,119,56
39,187,22
54,186,82
66,106,54
21,108,71
7,100,106
36,125,47
17,137,113
77,137,37
72,160,55
18,143,52
15,185,83
60,143,45
71,173,67
33,161,59
13,105,36
71,116,59
29,150,26
46,137,76
13,123,27
44,150,75
29,109,50
9,171,78
15,120,77
63,169,31
42,184,67
76,156,50
9,138,102
52,187,82
22,132,93
74,158,58
41,117,95
64,155,39
52,191,67
32,156,90
73,195,73
44,175,97
49,147,94
66,141,90
62,126,48
71,173,93
60,151,112
44,141,92
44,131,119
37,125,67
10,124,93
23,174,102
44,122,75
63,197,114
63,156,36
52,151,28
45,186,116
17,192,53
49,130,64
57,163,107
46,170,28
67,132,26
31,184,35
42,101,38
64,117,25
11,146,30
9,132,95
49,197,80
62,183,61
35,134,32
27,150,31
46,117,104
14,187,93
36,171,39
57,129,69
34,143,55
43,152,111
35,109,107
6,186,88
16,151,56
43,148,31
70,110,118
17,165,59
50,157,73
31,189,21
21,135,69
64,132,60
68,146,64
39,112,28
74,139,81
34,188,105
75,167,66
78,141,24
67,118,95
32,181,20
64,193,63
41,118,41
26,157,57
72,122,38
24,153,99
72,179,50
68,164,86
21,111,106
16,123,61
26,133,101
21,152,45
14,107,32
69,117,77
26,156,37
54,104,86
18,125,106
68,129,22
51,153,74
33,112,108
40,182,110
56,128,77
11,102,82
33,189,110
15,157,71
37,175,108
10,101,43
36,174,91
55,127,28
79,181,56
62,176,113
30,185,102
50,175,72
33,101,99
8,106,43
17,125,40
43,189,119
19,187,59
33,175,81
33,115,89
79,122,88
36,139,33
6,159,61
51,172,69
26,131,80
79,114,23
31,112,91
71,104,107
60,174,94
25,173,36
51,151,104
63,176,76
10,140,109
23,152,67
61,149,63
73,114,64
7,106,110
5,139,99
62,127,109
42,131,52
19,198,50
38,114,66
65,199,25
39,184,91
68,169,90
29,164,53
28,103,72
16,110,33
22,125,35
19,160,62
31,136,92
76,122,93
64,192,100
50,184,31
21,190,89
57,139,38
12,176,60
31,122,72
50,115,48
54,193,89
75,160,78
7,167,108
68,179,83
48,130,43
57,152,108
28,124,35
64,143,71
7,111,99
24,189,25
50,196,56
19,191,104
29,108,23
75,111,117
21,168,111
13,153,57
42,153,60
52,127,111
64,155,100
67,198,33
6,168,90
76,197,105
15,197,70
68,176,84
76,157,112
25,177,71
22,174,114
68,141,49
42,137,76
36,167,98
15,152,101
49,132,118
37,170,49
45,155,117
12,171,61
15,150,30
55,173,46
45,142,43
21,114,118
50,137,58
36,114,91
58,104,37
24,192,96
37,182,64
78,153,107
44,150,106
36,109,31
6,111,68
37,103,113
34,194,50
37,117,111
30,179,41
26,135,63
70,124,111
42,186,83
50,175,96
19,197,44
48,135,70
53,166,26
79,108,25
65,160,43
71,152,38
10,117,102
13,142,119
10,134,28
77,162,55
36,197,59
45,177,112
12,103,43
76,192,67
54,140,82
66,144,88
66,149,72
11,178,73
79,127,61
8,141,64
10,179,109
62,175,33
26,168,48
30,197,25
7,100,26
45,138,56
64,195,72
18,189,37
79,116,106
16,190,57
16,187,78
17,134,20
29,145,87
49,141,63
23,138,66
59,189,54
49,148,106
12,161,110
57,137,79
59,122,109
36,121,71
55,103,27
48,148,99
74,158,60
22,172,22
26,167,115
41,170,88
60,186,103
63,101,33
7,148,115
32,187,45
78,194,89
39,130,77
65,139,119
58,147,59
67,150,70
11,142,24
53,197,96
35,154,51
62,187,99
65,148,20
28,189,96
24,179,73
41,156,30
8,176,72
24,114,27
64,126,44
28,167,59
54,179,51
53,163,107
55,193,47
40,129,97
70,135,22
38,166,119
40,185,110
10,185,103
43,148,98
46,175,81
62,154,46
16,184,64
7,155,111
22,167,44
44,194,80
25,143,63
19,130,116
30,157,65
12,186,33
46,152,27
48,183,67
18,178,33
6,122,84
41,127,99
73,115,101
42,136,26
45,120,98
66,178,107
64,116,68
18,136,74
6,176,32
74,118,92
21,129,75
32,144,75
70,117,34
39,177,76
9,161,77
69,135,54
44,199,107
60,183,116
40,151,35
49,118,27
27,143,112
51,106,106
35,143,64
15,167,114
14,133,59
71,165,73
18,168,33
78,154,78
14,109,113
5,195,72
9,141,46
24,140,66
12,176,99
47,168,25
5,109,74
61,109,116
68,190,63
32,159,37
41,150,35
51,120,31
41,107,39
53,164,64
48,191,83
60,177,78
32,184,112
10,129,113
65,184,109
24,148,41
6,108,116
77,116,66
41,168,48
24,157,105
30,156,64
33,161,96
5,194,28
39,151,43
74,160,34
63,139,55
73,137,32
37,142,110
55,162,63
16,118,90
24,199,91
57,149,97
47,132,95
54,112,55
33,177,80
61,196,100
43,161,59
60,192,112
47,142,46
54,148,20
27,135,53
48,109,87
42,194,107
27,105,40
49,156,52
56,100,26
54,170,84
12,157,22
5,190,70
12,120,98
33,191,114
9,179,73
51,155,99
38,186,93
69,119,112
59,153,78
47,124,25
78,127,48
34,104,36
21,120,79
30,117,41
12,146,43
51,169,100
76,156,104
50,192,70
72,118,69
37,196,30
5,164,75
23,102,90
35,141,61
18,120,58
57,198,88
52,139,67
73,166,76
66,124,40
70,154,101
68,183,118
74,151,39
67,143,34
77,197,88
37,184,96
45,155,70
52,154,95
17,186,81
77,169,104
35,176,56
79,186,25
72,172,90
8,180,45
23,165,27
74,118,92
17,182,110
27,106,23
79,162,40
5,141,50
58,141,40
75,158,44
19,119,34
69,172,54
75,116,68
19,126,62
25,146,60
23,101,56
64,162,76
37,161,61
53,199,66
39,118,111
48,116,80
15,168,33
76,138,87
78,181,72
70,170,103
50,180,53
13,138,95
7,135,116
30,139,43
76,144,39
52,103,88
70,124,49
74,168,107
32,129,26
30,175,55
29,167,57
16,187,99
9,128,71
52,172,34
41,167,65
48,150,42
19,123,31
47,113,112
52,168,63
74,117,34
50,141,112
47,156,68
25,182,40
27,111,34
51,181,33
19,116,61
29,129,99
40,187,34
79,174,82
55,198,87
19,122,46
72,180,106
25,100,112
17,178,72
23,131,71
38,108,82
72,114,92
56,127,72
31,123,76
33,159,71
32,134,62
39,185,26
12,126,61
20,182,23
40,175,88
34,119,24
22,164,94
6,184,111
53,148,99
8,100,60
79,109,113
11,146,23
78,158,21
43,195,86
17,161,40
35,185,89
75,117,62
67,145,101
60,131,88
46,126,28
65,191,103
46,117,47
60,138,45
40,148,101
72,192,102
11,181,22
58,143,92
5,171,119
48,153,114
49,194,68
51,133,36
17,170,82
26,135,74
25,117,42
13,137,53
30,158,88
13,108,34
19,172,66
14,171,22
46,150,102
76,134,47
28,181,22
53,104,23
30,113,107
41,191,50
72,129,64
54,103,78
28,138,64
23,183,94
64,163,56
43,124,84
78,127,28
22,175,36
23,165,84
40,177,22
78,121,45
59,130,72
73,122,50
51,147,45
53,119,42
37,137,49
25,154,29
26,167,91
52,178,108
41,187,83
19,188,41
39,100,34
75,106,75
36,156,93
15,194,39
14,111,66
77,104,106
61,149,72
29,141,72
6,111,20
68,117,21
39,165,77
11,173,38
22,178,81
71,193,97
46,116,91
43,167,31
45,170,45
79,161,46
28,140,48
64,194,34
50,133,65
23,169,20
72,144,79
46,157,111
36,150,76
43,133,22
40,143,37
40,114,71
7,177,79
77,169,53
12,149,115
74,131,112
45,166,108
72,102,79
17,185,45
53,185,91
64,173,38
6,150,41
64,166,112
9,175,52
48,192,57
31,147,54
36,116,86
25,106,102
12,112,29
76,165,110
54,103,34
71,109,30
48,187,109
62,116,43
7,151,96
74,105,115
6,182,23
48,168,32
6,195,92
39,173,76
34,108,117
12,190,56
26,176,67
48,182,90
62,120,20
40,123,79
73,103,31
35,123,40
51,158,30
59,198,63
66,102,77
34,167,63
59,139,97
20,147,117
16,153,53
21,134,44
20,194,23
16,155,83
12,188,109
7,139,35
20,176,29
34,167,85
27,145,54
9,177,102
69,112,25
34,126,38
25,105,78
74,116,72
26,135,27
76,198,97
36,180,29
37,101,86
20,176,57
42,151,48
18,165,34
40,151,106
27,191,42
70,142,101
6,189,65
77,121,102
69,154,47
79,166,45
71,198,29
56,159,66
66,157,23
27,111,74
30,187,85
72,168,86
59,183,26
10,138,74
39,112,99
26,140,50
47,156,93
19,152,38
64,111,47
16,112,100
53,173,47
46,196,38
42,156,106
49,139,39
39,179,32
34,144,96
34,134,62
10,102,30
71,104,67
11,189,34
56,110,36
18,170,73
77,155,69
19,109,47
25,133,102
39,166,23
70,171,41
6,130,105
39,174,58
24,170,53
14,165,116
29,169,63
70,140,61
29,162,59
58,131,116
37,119,31
40,156,21
18,197,47
69,149,93
58,179,105
56,124,100
7,111,109
45,170,86
10,138,90
29,116,91
17,144,103
12,110,95
25,169,118
72,122,100
29,190,111
72,169,29
49,137,105
64,101,76
16,185,116
36,183,105
17,188,56
35,178,96
24,192,110
22,171,83
64,136,98
67,148,105
10,151,113
36,132,59
47,121,117
6,104,79
64,117,117
27,137,67
35,136,118
9,193,38
38,194,91
14,163,52
6,109,63
15,178,111
54,141,56
35,147,108
60,143,55
77,181,100
13,186,107
25,196,40
77,115,21
32,153,50
66,134,116
11,197,49
20,127,95
8,101,63
8,193,31
44,112,70
21,140,68
56,179,43
56,158,43
40,168,79
42,191,30
54,152,32
67,144,110
67,119,91
66,123,93
11,160,91
31,190,83
18,193,39
75,157,91
9,126,92
59,125,90
6,106,97
66,141,47
25,146,21
25,152,62
14,158,27
62,137,32
43,168,104
9,186,111
69,191,54
17,197,42
57,152,65
49,114,34
36,195,21
40,125,80
64,147,95
15,194,83
67,118,71
25,108,55
56,163,86
59,192,88
30,153,86
72,150,66
38,138,102
56,103,21
56,102,63
33,163,83
42,128,100
46,110,97
25,196,47
46,157,110
17,174,73
68,126,93
21,196,86
13,120,55
45,138,82
5,194,44
6,145,105
64,165,67
52,190,58
33,135,66
14,174,113
62,181,40
64,164,49
25,162,111
32,198,50
79,134,45
38,130,41
12,127,40
63,100,20
76,124,56
53,142,96
21,183,104
64,166,65
49,162,28
73,150,36
36,101,66
48,181,104
69,163,114
12,173,78
76,168,73
47,108,105
5,101,31
55,133,83
28,159,25
28,160,72
21,130,35
9,109,109
24,175,24
25,135,92
62,184,65
35,148,33
15,169,63
56,148,82
19,102,113
11,173,71
32,104,45
55,189,72
62,160,48
9,184,38
9,189,66
12,125,27
68,171,42
14,104,54
42,114,114
12,115,72
29,100,118
77,115,115
70,136,77
54,102,24
71,151,35
53,146,36
40,194,51
72,112,115
45,179,71
66,154,39
14,120,85
25,165,103
40,153,101
16,126,20
6,137,77
17,189,112
57,157,112
36,161,102
20,145,63
36,188,25
36,110,69
15,171,91
14,107,107
19,196,39
21,170,33
44,163,24
22,120,60
59,171,59
77,162,53
29,184,99
63,163,64
26,119,90
34,107,99
48,157,90
36,145,46
55,130,97
50,192,97
25,108,63
36,114,52
43,193,52
16,125,63
51,109,39
22,128,55
25,179,26
17,135,51
25,183,86
12,136,58
50,185,112
11,170,43
27,122,105
79,140,89
26,192,107
26,179,106
33,127,73
17,147,57
6,137,93
33,130,99
56,113,94
31,196,51
54,172,64
27,190,80
48,187,89
26,176,107
47,189,116
41,128,72
65,150,70
60,148,95
7,142,75
67,191,46
23,191,57
27,171,81
33,186,37
34,192,83
43,104,96
29,141,49
12,106,68
62,141,60
20,135,32
76,126,53
5,157,119
9,145,113
7,165,44
69,124,85
8,172,119
68,126,37
14,100,24
25,186,38
50,173,61
31,141,37
70,151,51
45,124,40
17,153,29
13,166,56
40,105,68
62,157,105
58,169,32
16,152,74
18,165,36
38,157,28
57,181,107
24,186,63
79,101,97
20,175,65
74,121,27
60,136,56
62,119,38
8,123,82
8,183,111
24,164,65
14,164,113
28,180,90
30,100,45
41,193,65
58,102,65
25,145,94
78,154,33
42,174,104
50,187,82
8,185,91
64,163,22
61,144,47
49,125,48
24,176,106
21,164,37
75,123,54
8,173,96
18,134,95
7,123,66
62,127,24
59,199,94
8,179,78
28,115,94
38,158,78
34,180,66
23,153,114
35,178,114
64,115,32
64,114,97
23,197,108
53,110,52
67,164,116
26,178,81
28,189,98
34,167,35
62,142,63
35,168,77
68,198,25
23,112,108
52,109,34
49,174,23
59,181,75
59,197,83
22,140,87
67,149,113
51,186,53
79,170,110
61,158,114
49,138,75
37,102,51
21,175,28
74,106,82
8,148,91
24,125,97
51,132,52
19,147,106
74,178,40
51,101,74
79,170,95
13,131,76
20,103,21
73,119,32
65,135,23
14,131,103
54,127,69
7,176,67
74,100,97
55,159,49
23,155,48
46,134,27
39,129,31
50,153,60
30,135,45
73,154,69
68,188,21
41,179,74
53,157,75
25,182,33
78,164,25
68,168,114
9,150,100
74,121,108
8,187,80
43,152,115
39,199,31
5,135,32
28,167,38
61,135,63
74,151,108
45,152,114
58,181,78
50,149,56
64,179,44
64,140,35
61,117,57
35,121,62
28,165,106
40,120,33
34,199,25
28,143,108
34,146,42
11,138,79
39,128,31
59,153,32
18,189,119
14,184,117
20,116,25
58,179,82
74,159,57
48,130,69
77,172,71
49,194,59
60,177,27
61,148,80
25,101,27
72,147,116
54,113,53
37,158,98
11,196,119
74,198,79
19,157,76
36,157,118
79,150,65
24,183,41
19,101,106
52,140,59
75,182,64
25,181,74
46,115,70
30,103,105
18,111,24
61,128,114
41,106,32
62,113,47
25,111,103
73,198,116
7,104,99
41,180,81
53,131,112
23,173,106
16,142,43
65,180,117
45,168,26
37,144,57
54,108,56
72,148,87
75,132,117
37,199,61
28,199,105
65,117,24
65,108,83
32,161,69
62,156,106
47,128,34
45,177,114
43,124,92
53,114,72
21,105,44
74,141,108
74,128,104
69,178,28
78,192,57
9,103,41
6,181,106
26,156,68
61,148,87
70,143,112
78,179,34
20,174,84
55,113,73
43,102,49
44,161,112
42,163,39
64,144,52
63,181,119
14,157,105
68,119,96
67,157,26
53,188,27
68,156,47
36,176,64
11,167,92
25,177,108
24,196,99
30,191,93
72,151,30
19,136,50
18,107,31
31,143,114
44,197,97
62,104,70
32,168,63
30,130,115
67,144,69
70,108,36
29,131,54
7,132,20
76,166,48
48,129,70
46,175,83
10,128,23
43,102,106
56,189,47
27,156,35
54,129,82
47,108,95
23,125,72
73,101,104
55,161,36
15,102,59
16,145,32
78,167,71
12,124,77
28,150,115
45,112,56
40,143,98
76,134,95
59,154,80
13,186,98
51,108,53
19,101,89
52,160,36
46,140,39
64,143,92
74,163,78
16,130,88
6,146,106
11,101,52
7,195,97
7,181,36
31,176,76
44,168,102
37,157,116
5,143,20
12,173,32
36,155,46
52,142,89
8,188,78
74,133,25
23,129,116
36,170,113
13,169,118
16,154,42
15,166,29
50,112,70
20,102,38
5,125,70
67,156,111
25,123,106
34,152,87
17,169,103
38,142,102
8,159,61
32,157,110
63,148,76
31,141,117
73,175,87
29,199,57
7,165,81
72,110,26
29,197,90
24,189,69
38,117,71
30,184,45
9,199,45
65,151,38
13,145,28
54,143,80
10,121,39
64,152,69
48,158,99
15,193,100
70,129,41
51,107,32
77,197,31
7,156,29
34,172,84
25,119,115
32,124,49
66,118,27
37,104,40
39,174,41
56,178,37
38,171,85
45,182,67
55,186,63
51,126,28
62,139,86
79,195,73
61,125,45
27,126,104
52,161,113
26,182,111
21,149,119
73,141,45
15,128,53
19,138,27
39,159,29
37,140,67
20,132,74
38,182,73
70,182,97
44,196,59
32,115,34
51,122,100
43,106,37
74,125,115
77,195,42
24,111,81
5,171,65
76,104,106
67,191,118
71,168,58
8,148,34
62,125,72
29,104,107
51,121,83
42,178,82
19,112,111
67,127,99
25,132,35
61,122,89
57,196,85
50,117,32
18,129,66
21,125,28
43,115,82
13,176,53
10,138,100
27,132,110
63,125,48
50,147,56
42,164,62
18,137,105
76,101,83
66,105,43
39,145,90
23,149,53
34,137,67
29,187,31
44,117,42
18,126,98
30,140,116
26,171,32
52,191,106
55,173,115
7,116,64
46,161,118
23,128,84
77,157,66
32,169,77
49,177,24
75,121,96
67,105,24
77,125,79
23,138,115
51,111,40
18,198,43
42,113,37
57,121,40
65,150,73
40,122,29
44,147,43
34,170,104
13,149,108
68,188,79
37,112,76
56,184,42
18,109,41
79,154,87
57,108,53
63,178,89
45,151,47
72,101,114
72,124,118
12,112,58
6,197,61
45,150,42
59,157,89
20,133,99
66,134,21
52,102,43
34,158,36
16,169,84
39,147,89
15,163,88
68,118,79
54,166,69
25,181,112
73,172,31
52,175,66
24,104,86
71,166,84
48,110,46
37,193,67
77,167,107
65,168,81
13,100,63
72,190,38
39,191,78
69,162,27
12,128,74
49,181,66
51,111,21
44,176,113
58,140,113
50,101,58
51,136,64
19,144,51
23,179,84
30,147,57
56,123,96
26,198,30
25,121,29
55,199,78
42,110,109
24,157,74
33,145,39
55,128,100
8,134,36
59,114,87
75,159,24
32,194,79
8,141,42
26,142,65
49,179,71
71,173,29
70,148,65
38,163,47
59,131,116
5,163,62
76,101,45
42,123,74
10,186,67
29,165,48
21,137,46
65,130,37
16,125,79
10,128,93
31,166,88
12,177,93
69,124,40
61,147,43
44,164,22
18,152,114
39,166,81
52,189,21
60,117,85
53,108,61
17,137,53
65,186,61
53,120,39
50,164,116
66,120,87
12,126,64
47,169,94
24,143,61
43,199,66
53,127,24
68,144,108
66,116,68
58,139,56
13,102,53
41,175,92
53,175,89
45,165,37
21,145,97
25,185,38
55,186,97
63,129,59
43,168,36
59,108,79
45,184,118
43,110,112
17,168,61
68,198,100
15,190,91
23,165,84
15,187,72
50,130,119
49,132,26
5,138,24
44,193,43
23,145,47
76,136,81
76,191,36
65,159,39
16,130,22
65,110,56
37,186,109
49,101,34
73,126,70
12,198,67
29,101,27
50,120,32
34,157,67
51,104,22
53,151,84
51,144,92
22,184,50
70,192,45
72,119,100
37,160,75
40,137,53
23,119,28
32,124,81
44,101,32
19,131,88
45,125,60
43,169,96
6,140,20
67,166,108
33,196,66
78,100,23
70,150,119
55,104,82
79,112,71
14,118,29
18,111,47
55,147,25
77,124,46
43,156,31
32,134,81
7,175,71
74,193,67
31,104,86
6,197,65
42,121,116
7,176,93
20,156,114
44,146,34
6,153,90
45,102,55
16,152,33
39,183,97
69,130,22
59,168,86
49,187,105
66,132,38
53,171,118
29,187,95
27,149,73
28,183,88
42,115,29
32,175,52
25,176,32
58,138,118
22,188,70
40,145,51
49,195,94
77,187,43
57,146,54
34,143,102
64,108,89
36,186,59
71,149,73
71,176,63
32,159,81
48,195,118
45,114,87
67,135,52
27,162,96
79,168,75
52,185,55
36,179,73
61,140,38
37,173,62
28,123,31
43,181,30
38,148,89
60,117,31
32,106,110
41,103,60
11,189,44
72,168,22
41,159,22
60,154,103
69,115,47
69,198,42
51,189,67
24,181,86
23,128,61
33,122,107
78,113,59
64,178,25
22,148,39
39,132,30
47,124,115
15,120,46
53,116,40
42,122,32
68,156,105
73,180,54
12,157,66
38,113,105
52,192,47
60,119,40
69,129,37
35,118,50
8,152,79
54,155,56
73,176,40
34,181,33
63,122,108
71,161,110
79,132,79
49,117,42
8,172,114
30,132,48
31,131,66
50,160,49
68,153,109
55,116,103
54,118,57
10,190,102
63,169,46
19,198,108
34,133,106
46,183,112
41,124,34
46,167,78
39,173,22
10,173,29
72,187,98
22,184,99
77,110,36
33,190,102
63,115,30
51,189,67
21,160,24
26,193,88
72,179,83
73,106,33
41,115,69
53,198,45
17,115,91
38,139,88
57,111,26
55,134,35
7,120,74
46,149,97
36,142,75
55,199,23
50,116,119
25,131,67
48,140,36
15,105,55
72,187,89
5,126,99
67,119,112
28,124,119
17,165,57
15,108,81
55,191,67
21,152,29
28,160,55
23,137,48
41,102,97
12,183,23
32,169,63
9,196,75
21,154,61
40,100,119
23,169,32
68,144,65
15,197,101
58,146,52
49,178,40
51,125,99
16,113,98
25,153,76
15,170,88
9,145,89
60,130,86
24,187,67
45,158,95
50,194,119
16,128,52
74,195,55
21,116,52
23,113,50
30,135,40
52,157,46
56,123,110
74,162,91
59,190,81
79,124,115
37,158,45
66,131,85
27,181,31
19,117,41
31,136,36
79,125,26
68,108,87
55,198,56
57,163,57
55,171,115
51,119,30
8,153,20
11,185,44
39,182,61
52,129,71
77,152,43
76,191,72
49,198,75
76,162,82
23,110,100
67,130,27
42,148,78
71,199,64
63,193,46
73,186,71
17,118,37
51,111,110
65,114,105
35,130,35
26,142,85
47,136,24
71,178,101
58,128,22
14,125,110
46,101,100
68,183,99
25,114,89
70,103,26
45,185,69
28,149,33
39,137,57
60,122,98
34,158,66
61,189,52
51,174,62
39,127,110
23,165,48
12,107,76
30,128,24
75,110,112
34,117,115
11,154,79
71,149,89
69,113,21
40,173,89
29,198,62
41,108,23
5,198,75
19,110,112
41,162,78
17,175,108
12,166,28
9,152,22
64,138,109
77,177,67
5,155,62
40,127,110
39,174,119
70,138,115
67,124,20
27,120,76
13,109,72
38,142,35
50,114,70
8,182,94
34,147,109
79,185,74
76,120,20
7,159,109
18,195,47
64,149,72
49,122,77
38,112,92
49,168,79
65,103,78
20,191,41
70,177,27
44,171,68
21,108,61
38,134,46
20,120,58
64,157,102
70,117,44
70,196,57
17,171,104
60,180,43
35,142,43
38,194,79
43,197,102
71,105,69
12,185,85
59,177,33
31,166,72
57,111,51
43,199,115
69,111,111
21,165,67
34,101,58
57,114,59
17,122,61
25,128,96
23,180,95
57,195,27
23,106,98
61,193,45
29,127,31
35,113,62
59,143,70
27,129,110
36,180,101
66,131,119
78,169,82
14,187,68
76,105,46
58,126,28
56,181,58
24,187,84
36,123,90
18,133,109
54,139,90
32,146,26
57,178,91
28,174,99
26,185,86
34,123,29
67,164,90
8,117,104
63,143,72
12,175,114
16,156,106
35,127,76
38,170,110
79,122,105
53,184,46
61,133,73
30,110,23
22,185,107
42,134,42
54,192,67
12,141,102
45,127,61
10,181,22
73,177,110
48,181,22
68,191,47
33,123,82
32,107,100
15,152,50
69,171,29
23,103,68
13,190,105
31,199,113
38,104,40
48,196,119
72,148,72
19,197,106
55,129,95
17,171,108
53,162,73
74,146,76
60,125,39
55,156,68
41,136,26
21,197,48
62,106,67
33,139,112
37,191,32
64,138,22
59,161,21
14,191,35
51,177,113
27,152,25
25,103,64
17,181,90
37,124,24
28,106,75
15,127,90
21,168,117
72,166,51
51,194,68
29,119,32
77,182,49
25,110,44
16,166,104
41,186,79
46,106,78
21,122,104
52,160,47
32,170,77
45,133,39
51,118,53
22,157,24
75,108,101
17,147,79
17,181,62
35,140,76
6,147,76
20,144,94
13,124,73
77,177,100
42,124,64
79,118,105
58,138,56
60,178,103
49,179,67
38,126,73
13,173,67
12,162,25
11,167,53
40,118,82
22,127,97
7,184,67
32,177,42
74,132,103
48,109,32
25,182,66
32,129,63
58,121,51
58,102,45
69,181,72
25,174,33
17,147,71
61,101,55
53,175,27
58,153,59
14,105,105
57,139,41
48,192,35
51,193,110
57,101,79
78,172,79
50,101,29
17,192,44
41,196,50
28,173,40
6,197,110
18,154,100
14,171,52
39,159,50
29,196,109
7,105,40
21,118,55
16,195,84
58,126,23
28,100,87
33,132,109
47,139,23
29,131,28
64,168,49
69,116,64
32,107,23
20,156,88
51,141,42
62,197,35
31,108,41
57,186,91
46,134,67
63,170,81
51,178,116
38,152,79
41,153,99
10,183,24
11,124,99
29,166,26
37,161,70
59,154,84
62,145,28
11,123,101
61,197,64
16,145,66
20,121,86
47,110,43
11,147,111
55,107,29
77,138,92
36,134,96
79,148,67
12,145,54
76,137,73
49,107,106
63,153,100
8,136,90
71,190,35
33,191,72
33,139,59
32,133,119
48,195,39
8,178,107
13,116,88
9,132,64
60,146,25
54,151,111
79,179,88
19,192,68
36,108,58
32,132,21
26,159,58
21,192,40
63,176,59
75,120,101
61,157,73
30,184,31
29,168,100
14,109,56
49,105,57
15,112,34
57,164,26
76,119,97
72,156,69
32,145,84
79,107,86
69,109,63
53,172,50
51,166,62
56,110,96
58,111,67
64,109,101
61,124,100
51,148,100
35,148,80
50,188,94
30,110,103
9,161,29
56,135,48
79,138,67
58,152,117
37,189,100
54,177,81
42,155,32
31,100,63
19,155,66
65,103,83
25,129,110
50,111,72
73,134,109
10,176,111
42,151,96
66,130,95
66,186,63
78,167,47
50,151,21
17,179,76
7,106,76
10,121,53
12,192,106
48,174,77
37,155,71
79,196,48
54,157,54
15,192,94
32,163,67
74,111,52
45,106,94
20,154,92
72,161,97
52,189,28
60,172,67
68,197,86
63,176,112
66,154,102
15,135,55
22,188,115
23,123,90
59,143,111
30,116,63
10,101,101
8,112,79
33,130,82
63,192,24
21,127,106
47,159,105
70,126,109
38,114,95
12,194,59
17,178,38
12,132,66
69,119,84
47,141,86
43,111,110
63,172,37
48,122,69
13,171,49
41,195,85
78,113,24
40,190,112
32,124,116
46,176,61
47,184,103
46,130,113
70,153,24
59,104,69
76,112,104
52,127,77
26,142,98
31,188,103
71,198,27
17,146,50
49,170,31
14,137,40
13,195,113
58,166,81
31,161,110
38,138,109
5,136,52
36,185,45
75,107,109
71,180,119
24,151,59
39,190,84
21,132,78
22,180,34
49,141,20
57,175,30
72,126,74
69,107,21
5,122,84
62,163,114
30,192,63
24,119,35
14,115,41
63,116,37
79,179,66
45,118,100
9,107,49
69,137,29
21,137,118
26,152,77
45,192,81
72,199,104
73,189,99
15,130,25
60,143,86
55,159,60
25,175,62
30,116,104
23,178,96
64,172,37
75,138,77
51,141,79
75,147,107
30,111,46
44,195,87
9,188,41
25,117,43
8,178,59
27,195,93
19,105,85
12,142,59
45,134,25
23,197,37
50,153,100
32,161,106
72,168,49
19,181,40
41,115,81
5,107,29
71,188,32
28,195,95
31,189,28
44,185,87
67,130,58
65,109,43
40,155,53
28,175,80
28,191,60
8,169,24
71,119,98
38,104,69
61,122,23
53,108,70
57,157,71
27,158,58
73,192,27
57,179,64
66,153,107
45,145,47
61,121,46
64,163,84
58,107,53
74,119,100
61,150,81
14,177,81
44,138,57
11,136,45
42,149,43
65,133,58
7,174,40
55,132,113
51,130,66
72,153,67
42,143,32
40,133,22
45,170,51
73,161,54
17,122,38
62,145,33
54,155,67
34,106,105
66,188,100
29,160,87
31,102,64
55,137,38
61,183,83
51,133,85
43,143,98
20,129,85
26,116,94
58,158,64
25,109,106
76,198,93
20,183,86
63,117,88
35,144,22
46,190,57
78,158,96
36,161,61
63,158,102
38,148,59
13,199,69
15,162,54
14,186,43
21,131,107
72,109,36
52,110,59
56,169,93
29,161,85
25,146,63
69,133,42
67,199,25
55,116,85
40,153,40
70,175,54
19,184,48
43,139,26
74,118,112
5,166,72
27,181,56
43,152,42
61,163,116
38,182,27
45,146,95
77,105,67
17,115,29
74,171,98
10,117,43
56,151,109
7,147,66
67,142,72
53,138,58
51,148,86
59,111,85
68,109,25
69,170,40
71,154,92
19,100,93
36,148,55
72,135,22
22,120,107
47,136,105
39,123,97
62,154,61
37,124,64
18,106,63
38,180,110
65,192,52
8,193,79
63,170,105
33,196,112
10,170,102
53,123,102
44,110,89
69,172,102
73,111,96
31,134,45
10,162,105
17,167,40
68,199,119
66,191,21
23,156,66
47,112,49
78,122,46
24,182,90
72,138,39
48,187,69
27,179,114
6,196,42
26,111,32
61,133,100
76,170,23
11,174,33
60,130,39
71,192,32
20,161,22
55,112,109
76,130,109
16,101,101
57,114,115
79,156,97
9,174,66
31,133,22
16,167,20
21,174,109
10,128,43
9,165,54
61,115,33
32,138,86
73,176,32
63,136,66
37,180,69
66,120,97
54,143,104
23,118,45
73,170,22
70,107,70
51,176,59
43,165,87
72,140,55
37,174,70
17,187,20
58,169,52
11,160,26
18,125,71
23,170,30
58,182,46
24,169,33
33,128,105
28,165,99
67,118,65
78,167,95
61,157,29
12,169,43
66,156,80
33,136,37
78,160,105
21,191,28
70,129,36
10,170,77
62,172,32
73,124,69
32,196,25
66,164,104
45,105,70
73,117,55
45,109,90
53,191,119
53,110,44
75,196,30
7,164,63
14,176,33
39,183,48
6,164,93
28,151,69
78,166,24
42,181,91
26,177,88
30,130,107
47,190,76
59,116,45
43,154,25
33,192,35
24,135,79
45,125,119
58,152,31
24,116,94
23,185,22
70,124,82
34,101,83
57,185,81
38,104,25
26,103,38
71,135,37
10,105,99
31,120,106
14,176,62
77,188,92
52,125,22
74,154,91
63,138,57
63,183,87
6,132,95
33,113,63
72,155,114
69,199,108
30,180,99
14,120,82
57,145,61
63,115,83
26,115,73
55,183,97
52,128,96
25,191,90
26,107,95
34,187,56
29,102,23
32,188,21
69,118,118
49,196,63
72,165,86
11,178,87
53,185,95
13,173,102
40,181,93
5,121,81
14,145,20
40,190,36
77,112,35
50,132,28
36,104,72
36,189,92
10,176,78
52,126,28
42,177,31
21,123,60
78,166,34
31,162,85
58,193,94
54,198,30
39,147,27
29,162,74
32,177,115
19,111,25
8,127,72
77,143,39
31,192,58
30,142,118
23,116,91
21,139,53
47,148,76
45,184,38
46,156,90
54,186,50
44,183,101
43,163,59
27,174,33
56,156,119
51,197,100
67,173,56
73,173,63
47,169,28
52,199,77
38,187,39
44,175,111
79,142,69
65,122,39
54,126,55
71,157,46
66,136,91
62,105,51
37,164,20
79,105,36
20,149,28
52,121,103
14,187,64
42,124,115
23,178,85
40,189,51
63,171,64
67,150,28
50,187,49
7,147,103
78,169,57
69,198,79
12,164,20
55,159,24
77,145,82
10,135,118
43,157,55
64,175,84
32,137,97
58,110,92
41,111,113
13,141,43
60,138,23
63,170,97
6,110,108
65,135,87
62,151,44
64,130,93
44,132,118
40,112,26
41,117,32
22,140,87
67,157,62
26,155,76
15,123,55
62,172,33
61,130,101
8,154,91
11,109,115
65,159,46
58,101,56
72,114,106
5,102,90
59,142,95
7,130,44
42,169,86
5,166,109
42,155,23
33,162,119
9,174,98
78,114,115
25,191,112
75,109,93
71,137,104
51,146,35
39,156,38
72,149,48
73,170,70
5,114,37
72,117,77
16,181,63
64,187,35
31,101,84
60,183,21
27,197,75
29,142,98
25,125,47
65,170,84
67,137,24
56,193,41
29,141,119
59,104,32
50,110,84
36,164,35
59,133,105
9,100,83
40,182,51
53,101,99
62,184,70
43,119,98
65,160,77
13,186,65
10,120,71
39,187,82
43,167,95
26,111,79
45,121,84
9,119,100
46,181,74
71,100,76
34,129,111
61,196,90
77,123,92
33,113,105
41,135,45
17,168,31
36,174,90
50,123,65
27,159,66
49,194,98
21,154,57
70,176,40
10,179,33
22,123,21
26,176,91
37,123,89
34,153,52
36,125,25
46,165,109
14,179,56
40,137,33
38,164,56
77,174,27
32,150,96
15,134,32
43,142,59
51,128,111
23,136,77
19,180,37
32,157,76
28,153,102
76,138,57
13,141,51
51,127,105
37,128,85
66,142,96
23,102,106
71,109,44
78,158,111
44,113,77
51,175,94
69,146,52
33,141,107
54,193,85
17,131,49
5,131,100
38,141,53
52,131,105
52,125,88
53,100,67
68,155,59
65,101,70
33,180,99
43,129,32
30,170,109
21,151,50
75,190,58
17,108,82
73,121,67
30,133,106
53,148,67
71,100,80
11,172,31
62,183,97
53,152,75
57,182,37
69,199,46
66,139,47
21,144,101
47,167,99
29,108,71
7,121,35
33,117,96
36,175,77
30,142,112
20,138,28
29,172,45
58,105,47
32,182,96
77,147,55
60,106,28
69,179,66
45,168,97
55,115,70
75,100,95
33,136,76
23,182,51
70,136,86
45,180,76
49,163,73
19,189,35
7,185,81
15,161,103
57,171,115
50,160,75
34,132,42
61,165,36
22,129,99
55,119,57
52,159,91
70,181,102
12,173,49
26,123,77
10,103,117
61,136,97
40,103,41
61,176,36
53,188,34
49,176,67
70,117,51
49,187,96
24,165,104
68,147,59
71,132,116
7,157,76
58,182,77
68,172,110
44,127,118
63,134,35
59,109,47
66,164,117
8,141,20
64,184,60
79,108,67
34,159,50
6,114,55
66,198,52
53,156,52
13,168,101
35,121,42
65,163,79
52,140,106
29,186,98
40,170,109
12,155,49
77,122,108
62,124,64
49,190,99
66,105,58
43,133,64
62,162,97
68,108,100
48,159,31
33,148,112
63,196,51
75,150,75
13,159,43
10,169,32
33,136,39
62,130,98
21,197,75
20,140,72
7,161,87
25,192,73
68,157,53
40,113,47
66,135,69
46,135,21
46,178,113
65,107,45
17,125,70
15,135,66
58,147,45
20,184,103
12,127,111
63,167,103
61,161,94
44,179,93
63,185,80
6,175,42
14,179,56
48,150,60
15,141,71
6,128,102
54,181,101
16,109,68
27,138,46
22,181,25
66,100,93
66,138,85
42,120,43
71,164,57
42,114,47
71,103,47
65,159,85
5,160,80
49,119,65
32,109,88
25,186,94
17,133,93
31,147,62
11,132,78
26,197,21
78,160,34
57,109,56
8,153,90
27,183,39
74,164,117
37,176,54
32,100,53
12,104,105
5,179,50
41,114,106
67,127,38
26,194,87
74,122,43
25,116,103
39,197,58
9,112,111
64,113,73
50,110,58
54,127,36
52,141,38
10,195,67
60,198,54
63,160,51
33,163,66
75,130,66
22,180,83
6,172,65
12,109,54
79,107,113
58,120,36
42,176,61
52,158,48
31,149,89
24,168,36
16,169,100
47,129,33
65,194,43
35,116,76
65,174,69
78,119,76
71,147,80
39,172,58
19,101,74
20,136,115
17,100,55
39,103,56
79,199,33
63,153,46
25,124,102
58,102,50
79,108,92
34,185,100
52,186,102
39,175,63
42,173,87
35,133,67
28,142,76
53,173,94
36,193,41
59,121,23
62,169,100
7,101,91
73,193,65
14,165,78
29,131,53
72,115,30
65,175,50
33,100,30
23,171,75
47,147,57
70,149,40
78,112,113
65,114,29
47,152,45
29,143,110
24,107,27
52,173,27
28,145,79
15,168,91
59,118,53
32,137,35
73,110,32
67,142,106
63,119,95
9,119,110
55,120,41
25,181,115
16,156,46
54,149,83
8,173,21
46,197,116
42,125,45
29,129,111
18,172,102
79,130,88
36,141,116
15,167,103
65,160,49
22,160,27
31,169,57
59,177,80
58,167,100
79,189,84
25,116,86
48,118,65
9,150,109
45,169,114
63,162,91
58,192,62
78,174,78
26,179,65
69,129,91
68,124,54
75,174,58
8,170,111
69,125,70
19,155,23
26,121,99
51,188,96
50,118,103
18,130,70
54,125,24
24,141,74
54,140,39
37,199,43
63,122,55
47,146,53
16,112,73
44,188,53
24,165,102
42,165,36
7,115,24
32,172,108
60,127,37
17,176,74
70,134,72
41,140,69
53,176,91
70,130,110
40,184,98
58,131,64
30,153,32
79,197,35
76,171,105
44,158,103
47,140,32
26,165,39
24,195,85
12,153,118
33,139,66
44,127,38
34,136,64
59,164,56
20,173,73
50,154,25
66,103,33
11,198,23
49,109,105
63,146,74
60,174,119
52,113,53
31,137,46
57,111,26
77,144,22
39,116,66
55,179,116
41,134,21
61,165,99
12,174,44
24,140,79
57,166,98
16,128,43
53,117,34
21,119,114
68,113,33
46,133,73
33,148,97
23,153,25
15,130,97
54,157,100
75,141,37
62,157,39
38,181,81
24,129,100
54,124,99
14,162,59
36,118,58
56,171,71
19,191,51
7,107,92
41,194,46
44,102,71
76,166,116
44,185,82
60,180,93
27,199,82
15,116,36
68,113,68
12,108,119
60,161,100
64,193,101
14,120,42
43,175,117
32,136,91
53,195,32
40,110,42
17,119,76
40,134,81
30,152,73
8,146,39
68,174,105
42,151,71
26,107,42
6,103,54
35,126,86
15,143,53
50,139,52
66,146,65
73,193,100
68,143,64
14,147,38
44,190,113
28,184,106
48,151,34
64,183,97
66,167,85
21,110,58
69,176,37
61,172,89
59,103,78
57,175,51
60,172,40
13,176,59
26,147,111
17,125,46
52,176,21
22,138,116
44,191,99
21,157,58
19,118,105
19,187,75
67,182,32
43,176,75
17,176,85
36,157,97
13,127,75
44,165,47
24,109,83
77,185,90
67,176,101
48,157,83
42,172,75
64,196,60
75,113,119
52,183,60
22,114,119
20,195,23
59,132,76
43,116,49
72,123,107
63,129,103
66,161,65
17,112,75
10,161,50
64,146,107
18,115,26
58,165,109
8,180,96
43,195,73
76,142,27
29,107,74
36,102,88
63,111,63
67,183,32
42,115,112
57,177,39
71,179,97
32,158,51
7,148,79
26,162,69
42,161,46
76,148,44
76,150,71
66,132,87
61,129,40
10,158,37
36,175,58
14,114,34
7,181,72
63,191,57
53,122,67
63,177,71
35,193,107
73,196,91
66,144,47
56,161,104
45,178,35
35,170,35
26,114,54
8,145,36
17,163,92
49,145,118
46,155,71
53,143,112
24,174,101
58,128,31
40,194,102
5,161,67
19,188,41
21,151,68
28,153,71
62,187,98
76,156,20
27,182,85
50,165,83
76,121,27
12,119,105
63,132,44
63,171,85
17,124,92
43,145,92
32,172,96
65,197,89
20,156,113
6,186,98
21,104,70
34,154,72
17,160,34
17,188,69
47,107,90
25,115,94
59,147,57
44,160,59
19,114,85
77,164,58
56,121,93
78,102,36
57,153,26
56,113,58
34,135,87
37,181,54
61,181,70
56,166,66
13,109,55
58,148,83
5,164,114
48,190,108
79,156,32
13,126,37
36,174,40
19,104,84
16,170,119
61,182,27
12,156,67
76,192,104
31,114,62
66,198,72
16,175,104
69,129,46
46,119,38
66,136,42
15,102,69
47,172,70
21,140,62
36,138,118
44,125,70
27,101,88
60,122,60
10,122,91
54,184,30
41,115,99
68,108,107
58,112,104
76,127,71
53,126,42
15,150,68
53,163,57
25,151,66
70,180,91
67,137,26
32,199,85
21,164,113
10,117,96
23,162,81
60,150,106
32,108,48
70,112,57
42,139,103
41,154,52
72,178,48
53,142,98
47,143,42
40,167,22
62,132,112
17,123,64
56,135,27
62,109,105
36,199,48
64,119,21
62,174,69
60,111,84
32,161,39
5,117,71
46,193,104
52,162,56
44,183,91
67,124,46
76,111,66
8,120,118
42,124,25
31,110,79
13,163,64
20,172,63
60,149,102
35,161,37
18,188,84
29,198,44
38,195,46
71,148,26
28,113,63
77,100,48
30,180,114
24,124,63
68,158,55
14,171,38
71,168,25
28,104,44
9,198,50
71,118,28
62,122,103
31,108,93
19,193,56
39,149,46
57,115,32
48,132,60
30,101,85
51,113,104
38,100,116
54,189,43
16,157,63
8,188,117
52,115,79
59,178,28
5,189,21
70,146,75
34,143,49
7,179,41
25,113,94
53,192,100
66,123,119
42,154,32
19,114,90
56,182,35
50,171,116
29,133,64
25,101,84
9,126,30
74,173,89
51,198,39
72,186,118
22,171,82
25,191,109
27,122,31
68,167,81
71,113,113
44,162,111
14,192,110
56,164,61
76,167,102
79,162,88
65,195,77
68,196,24
9,189,46
57,180,47
59,186,45
41,163,110
60,131,68
63,178,40
73,112,20
77,165,111
63,118,77
6,123,98
69,187,74
64,110,100
55,158,45
34,185,103
15,114,44
43,109,96
76,140,52
67,126,108
68,159,91
65,172,88
58,151,25
77,127,42
62,164,49
60,116,97
38,194,73
35,143,106
56,109,30
5,162,50
59,192,25
26,181,30
44,146,96
5,137,31
69,169,85
67,175,72
58,152,118
46,177,55
25,143,36
26,173,47
42,153,111
12,119,41
66,178,26
51,130,34
21,106,115
21,157,30
17,109,43
21,109,86
42,138,49
49,127,89
10,129,85
39,136,80
18,166,97
76,142,60
65,178,101
19,184,70
58,151,63
31,155,114
17,175,32
35,167,109
39,108,31
64,191,101
10,122,28
73,162,104
62,160,67
53,139,68
27,143,72
38,185,75
30,123,59
51,150,43
9,157,117
24,189,91
10,193,52
74,132,42
63,115,96
68,121,73
22,156,72
8,161,68
21,181,97
18,170,97
17,189,99
11,171,68
48,169,79
19,129,109
23,122,109
67,131,84
39,185,51
39,156,98
23,108,40
24,130,37
39,170,113
36,108,79
52,112,32
48,157,43
28,102,49
65,134,21
21,196,102
75,120,44
54,163,69
69,194,33
36,151,25
40,133,95
17,195,103
74,134,106
62,114,49
18,195,49
41,105,57
72,184,77
44,196,113
63,131,60
20,151,113
66,182,76
8,196,55
49,127,83
32,194,117
70,184,35
35,197,107
7,163,97
12,178,109
28,177,91
19,118,33
47,114,50
35,105,85
77,172,87
49,183,84
70,197,74
12,137,103
75,125,97
61,181,59
34,191,44
78,150,44
22,172,22
73,195,88
43,152,45
64,155,59
47,158,57
49,169,57
27,177,87
73,191,26
10,157,113
60,187,49
8,112,38
27,142,54
10,175,52
36,150,52
22,118,97
19,120,57
44,190,29
77,182,76
78,123,47
10,125,97
67,144,119
71,127,57
15,181,35
47,199,40
21,128,111
8,116,116
67,167,25
72,143,60
45,160,34
9,192,22
36,167,62
74,173,66
39,124,118
26,194,33
69,166,85
26,101,48
15,188,23
7,148,45
13,169,31
64,125,21
18,171,36
22,198,54
77,126,29
27,188,105
78,117,62
51,153,40
73,100,34
51,160,54
34,102,104
29,167,104
32,140,104
29,136,79
78,150,63
62,114,115
45,107,24
29,137,92
52,182,37
14,155,40
79,146,91
15,189,117
25,109,93
49,177,70
11,148,60
68,140,43
68,182,43
6,129,115
46,104,116
58,194,57
79,170,63
20,182,76
22,130,78
63,151,53
20,187,94
10,197,114
61,122,101
51,147,42
52,139,105
46,105,62
64,137,101
8,140,59
6,199,66
63,126,60
31,174,66
31,168,39
76,156,96
11,116,84
67,170,87
50,190,43
67,146,119
16,178,55
17,112,64
47,110,21
21,189,47
67,185,45
40,191,42
12,123,98
73,192,55
40,172,110
32,103,25
51,145,54
34,117,57
27,142,54
20,179,119
18,132,93
78,192,113
75,109,72
56,172,57
41,158,112
33,130,78
71,127,62
19,159,23
51,102,24
50,154,87
56,113,119
23,157,64
25,188,99
68,114,44
41,101,97
31,123,30
59,177,48
33,163,53
24,170,105
29,199,33
74,123,43
67,126,78
40,136,58
6,193,45
26,190,62
20,138,55
22,162,58
73,178,80
58,125,35
34,164,78
49,103,115
23,128,25
38,100,117
17,149,75
47,185,27
66,110,113
26,173,46
56,158,90
56,161,46
40,180,108
77,135,65
23,155,60
42,189,98
74,120,44
61,112,105
24,108,37
13,110,31
36,174,106
8,169,70
54,100,58
9,169,108
24,176,29
79,185,113
41,155,93
26,130,117
62,185,96
72,136,73
48,146,48
38,190,60
46,177,28
13,146,82
11,168,96
72,157,56
23,135,33
35,131,92
39,197,91
61,163,58
65,170,59
35,141,73
57,147,22
36,173,74
70,180,52
63,129,115
14,120,90
6,159,38
70,112,53
64,100,97
21,164,69
20,132,66
20,137,65
50,124,75
43,125,76
35,176,102
5,158,70
15,191,73
8,132,109
75,140,100
30,129,47
54,156,38
16,148,46
79,147,67
69,171,38
51,148,116
57,146,70
75,155,26
6,164,48
28,111,62
8,168,88
23,187,113
30,105,77
79,188,27
44,164,61
54,124,95
47,100,61
79,131,32
71,102,45
16,148,37
71,118,61
31,159,70
58,128,103
70,149,35
53,101,22
20,172,110
6,155,98
64,116,117
58,159,64
34,135,41
42,160,42
32,116,78
29,148,81
14,175,87
64,159,73
46,119,76
44,149,42
46,102,79
51,142,92
41,156,107
26,149,104
61,167,74
31,180,99
45,149,82
38,136,75
36,145,74
70,141,44
16,114,45
44,132,68
77,179,82
77,110,64
14,119,92
52,123,98
24,163,58
43,179,116
64,193,84
70,197,88
69,164,75
55,187,28
40,187,89
28,172,47
31,185,64
6,175,45
35,116,47
61,188,59
70,191,34
33,160,25
19,114,46
16,193,57
32,150,87
28,126,94
25,185,104
14,173,83
22,160,49
18,157,101
38,130,118
62,190,22
26,111,81
74,145,31
40,130,110
49,131,49
40,131,104
26,198,57
65,152,104
60,160,79
37,145,57
49,184,34
40,173,37
24,179,71
22,106,48
42,103,79
71,190,40
27,151,36
20,188,37
63,130,76
73,174,56
72,183,79
25,135,57
74,153,31
16,153,94
20,116,103
18,174,92
65,129,20
75,198,77
50,121,22
36,142,82
19,126,40
48,136,42
21,145,28
45,134,102
58,103,74
48,179,38
9,179,81
31,184,106
47,125,110
35,199,110
21,118,58
58,180,119
66,144,95
36,125,46
44,121,65
17,157,53
39,162,52
9,127,111
77,164,114
33,143,115
74,199,69
29,142,39
26,136,59
70,165,118
49,116,114
73,139,77
76,137,50
5,184,57
48,160,105
79,108,64
43,176,60
58,174,28
79,160,28
33,179,82
58,115,98
20,101,96
24,171,41
50,142,35
71,141,51
69,176,85
62,156,109
57,180,33
5,187,57
70,166,117
33,129,27
74,112,119
12,118,40
33,106,75
55,108,65
37,182,62
7,153,111
64,185,65
39,181,67
73,160,89
24,186,103
77,101,50
43,149,52
8,174,63
23,130,90
49,132,27
47,177,92
17,179,21
17,110,36
64,132,71
61,106,64
56,130,56
57,147,61
47,146,63
76,177,100
76,191,57
46,152,118
30,179,113
27,118,25
47,180,87
32,189,70
13,105,54
24,148,77
60,172,76
43,149,92
55,180,25
16,194,32
59,111,78
15,122,105
30,153,111
46,168,49
31,199,119
15,158,21
42,135,77
47,102,55
23,157,91
68,187,64
10,154,28
50,156,84
46,116,96
69,138,69
76,189,98
63,167,51
56,154,117
51,144,62
11,175,114
15,100,97
65,120,73
72,182,66
29,120,33
16,151,67
30,181,74
16,142,48
